Date,Time,Source IP Address,Destination IP Address,Alert Message,Type of Protocol
05/10,19:39:34,192.168.0.161,192.168.0.142,[1:10001:1] ICMP Ping Detected,ICMP
05/10,19:39:34,192.168.0.161,192.168.0.142,[1:10001:1] ICMP Ping Detected,ICMP
05/10,19:39:34,192.168.0.142,192.168.0.161,[1:10001:1] ICMP Ping Detected,ICMP
05/10,19:39:35,192.168.0.161,192.168.0.142,[1:10001:1] ICMP Ping Detected,ICMP
05/10,19:39:35,192.168.0.142,192.168.0.161,[1:10001:1] ICMP Ping Detected,ICMP
05/10,19:39:36,192.168.0.161,192.168.0.142,[1:10001:1] ICMP Ping Detected,ICMP
05/10,19:39:36,192.168.0.142,192.168.0.161,[1:10001:1] ICMP Ping Detected,ICMP
05/10,19:39:37,192.168.0.161,192.168.0.142,[1:10001:1] ICMP Ping Detected,ICMP
05/10,19:39:37,192.168.0.142,192.168.0.161,[1:10001:1] ICMP Ping Detected,ICMP
05/10,19:40:15,192.168.0.142,192.168.0.1,[1:10001:1] ICMP Ping Detected,ICMP
05/10,19:40:15,192.168.0.142,192.168.0.1,[1:10001:1] ICMP Ping Detected,ICMP
05/10,19:40:36,192.168.0.161,192.168.0.142,[1:10002:1] SSH Authentication Attempt,TCP
05/10,19:39:34,192.168.0.161,192.168.0.142,[1:10001:1] ICMP Ping Detected,ICMP
05/10,19:39:34,192.168.0.142,192.168.0.161,[1:10001:1] ICMP Ping Detected,ICMP
05/10,19:39:35,192.168.0.161,192.168.0.142,[1:10001:1] ICMP Ping Detected,ICMP
05/10,19:39:35,192.168.0.142,192.168.0.161,[1:10001:1] ICMP Ping Detected,ICMP
05/10,19:39:36,192.168.0.161,192.168.0.142,[1:10001:1] ICMP Ping Detected,ICMP
05/10,19:39:36,192.168.0.142,192.168.0.161,[1:10001:1] ICMP Ping Detected,ICMP
05/10,19:39:37,192.168.0.161,192.168.0.142,[1:10001:1] ICMP Ping Detected,ICMP
05/10,19:39:37,192.168.0.142,192.168.0.161,[1:10001:1] ICMP Ping Detected,ICMP
05/10,19:40:15,192.168.0.142,192.168.0.1,[1:10001:1] ICMP Ping Detected,ICMP
05/10,19:40:15,192.168.0.142,192.168.0.1,[1:10001:1] ICMP Ping Detected,ICMP
05/10,19:40:36,192.168.0.161,192.168.0.142,[1:10002:1] SSH Authentication Attempt,TCP
05/10,19:39:34,192.168.0.161,192.168.0.142,[1:10001:1] ICMP Ping Detected,ICMP
05/10,19:39:34,192.168.0.142,192.168.0.161,[1:10001:1] ICMP Ping Detected,ICMP
05/10,19:39:35,192.168.0.161,192.168.0.142,[1:10001:1] ICMP Ping Detected,ICMP
05/10,19:39:35,192.168.0.142,192.168.0.161,[1:10001:1] ICMP Ping Detected,ICMP
05/10,19:39:36,192.168.0.161,192.168.0.142,[1:10001:1] ICMP Ping Detected,ICMP
05/10,19:39:36,192.168.0.142,192.168.0.161,[1:10001:1] ICMP Ping Detected,ICMP
05/10,19:39:37,192.168.0.161,192.168.0.142,[1:10001:1] ICMP Ping Detected,ICMP
05/10,19:39:37,192.168.0.142,192.168.0.161,[1:10001:1] ICMP Ping Detected,ICMP
